firstname,lastname,city,gender
Aaron,Kim,Cambridge,Male
Aaron,Ward,Petworth,Female
Aaron,Gibson,London,Female
Aaron,Collins,Dronfield,Female
Aaron,Warren,Otley,Male
Aaron,Cook,London,Male
Aaron,Bryant,Johnstone,Male
Aaron,Stephens,Larne,Male
Aaron,Sullivan,Stockport,Male
Adam,Price,Otley,Male
Adam,Hudson,Romford,Male
Adam,Porter,Dufftown,Male
Adam,Anderson,Marlow,Female
Adam,Harper,Kintore,Male
Adam,Knight,Malton,Male
Adam,Perkins,Malton,Female
Adam,Mason,Kington,Female
Adam,Brown,Barnet,Female
Adam,Morales,Biggar,Male
Adam,Patterson,Taunton,Female
Adam,Sanders,Sandbach,Male
Adam,Weaver,Liverpool,Male
Adam,Morrison,Stone,Male
Alan,Snyder,Bathgate,Female
Alan,Fisher,Fleet,Female
Alan,Thomas,Stockport,Male
Alan,Boyd,Banbury,Female
Alan,Ruiz,Fleet,Female
Alan,Shaw,Lancaster,Female
Alan,Howell,Romford,Female
Alan,Bradley,Wantage,Male
Alan,Ramirez,Dufftown,Female
Alan,Simpson,York,Female
Alan,Young,London,Male
Alan,Williams,Peterborough,Male
Alan,Greene,Yarm,Male
Alan,Anderson,Gigazoom,Female
Alan,Davis,Wallasey,Male
Alan,Barnes,Yarm,Female
Alan,Cooper,Westbury,Female
Alan,Ray,Cannock,Male
Alan,Bailey,Howden,Male
Alan,Austin,Wallasey,Female
Albert,Moore,Newport,Male
Albert,Davis,Otley,Female
Albert,Cole,York,Female
Albert,Harrison,Rochester,Female
Albert,Johnston,Bathgate,Male
Albert,Roberts,Westbury,Male
Albert,West,Jarrow,Male
Albert,Allen,Nantwich,Male
Alice,Garcia,Fleetwood,Female
Alice,Murray,Hawick,Female
Alice,Lee,Manchester,Female
Alice,Rodriguez,Thrapston,Male
Alice,Olson,Dronfield,Male
Alice,Rogers,Dronfield,Male
Alice,Simmons,Kington,Male
Alice,Burke,Keswick,Female
Alice,Perkins,Biggar,Male
Alice,Hudson,Malton,Male
Alice,Mccoy,Kintore,Male
Alice,Simpson,Oxford,Female
Amanda,Boyd,Wallasey,Male
Amanda,Castillo,Alford,Female
Amanda,Berry,Marlow,Male
Amanda,Lopez,Howden,Male
Amanda,Thomas,Petworth,Female
Amanda,Morrison,Johnstone,Female
Amanda,Johnson,Oxford,Male
Amy,Woods,Lancaster,Female
Amy,Edwards,Howden,Female
Amy,Harvey,Kington,Male
Amy,Harper,Bathgate,Female
Amy,Nguyen,Stockport,Male
Amy,Jacobs,Potton,Male
Amy,Bryant,Weybridge,Male
Andrea,Fox,Biggar,Male
Andrea,Stanley,Jarrow,Male
Andrea,Burke,Keynsham,Male
Andrea,Johnson,Northampton,Female
Andrea,Dean,Barnet,Male
Andrea,Hunt,Stockport,Male
Andrea,Ross,Tain,Female
Andrea,Montgomery,Fleet,Female
Andrea,Bell,Alston,Female
Andrea,Freeman,Nantwich,Male
Andrea,Flores,Dufftown,Male
Andrew,Hayes,Larne,Female
Andrew,Clark,Seaford,Female
Andrew,King,Bathgate,Male
Andrew,Moreno,Fleetwood,Male
Andrew,Henderson,Malton,Female
Andrew,Gardner,Newport,Male
Andrew,Perkins,Inverness,Female
Andrew,Boyd,Howden,Female
Andrew,Hawkins,Dufftown,Male
Andrew,Fields,Sandbach,Male
Andrew,Henry,Potton,Female
Angela,Ferguson,Marlow,Female
Angela,Shaw,Yate,Male
Angela,Hughes,Newport,Male
Angela,Reyes,Gigazoom,Male
Angela,Brown,Sandy,Male
Angela,Wright,Stone,Male
Angela,Murray,Dorking,Male
Angela,Barnes,Dronfield,Male
Angela,Robinson,Oxford,Female
Angela,Stewart,Gigazoom,Female
Angela,Owens,Alford,Female
Angela,Carter,Cannock,Female
Ann,Scott,Liverpool,Female
Ann,Rose,Hawick,Female
Ann,Welch,Inverness,Male
Ann,Watson,Peterborough,Female
Ann,Lawson,Newport,Male
Ann,King,Lancaster,Male
Ann,Griffin,Newport,Female
Ann,Stephens,Heswall,Female
Ann,Foster,Largs,Female
Anna,Wood,Yarm,Female
Anna,Riley,Tain,Female
Anna,Price,Cambridge,Female
Anna,Allen,Yate,Female
Anna,Baker,Weybridge,Female
Anna,Foster,Weybridge,Female
Anna,Ellis,Tain,Female
Anna,Harvey,Sandy,Male
Anna,Anderson,Kintore,Female
Anna,Rivera,Weybridge,Female
Anna,Franklin,Alford,Male
Anna,Morales,York,Female
Anna,Ellis,Otley,Female
Anna,Jackson,Jarrow,Female
Anna,Kim,Westbury,Female
Anna,Ford,Romford,Female
Anne,Gonzales,Dronfield,Female
Anne,Johnson,Banbury,Male
Anne,Vasquez,Yate,Male
Anne,Cruz,Petworth,Female
Anne,Perkins,Nantwich,Female
Anne,Reyes,Petworth,Female
Anne,Scott,Bathgate,Male
Anne,Lopez,Potton,Male
Anne,Green,Otley,Female
Anne,Hughes,Seaford,Female
Anne,Stone,Lancaster,Male
Anne,Butler,London,Female
Anne,Johnston,Heswall,Female
Anne,Montgomery,Liverpool,Male
Anne,Russell,Yate,Male
Anne,Larson,Marlow,Female
Anne,Johnston,Liverpool,Male
Annie,Hayes,Malton,Male
Annie,Fields,Biggar,Female
Annie,Alexander,Dronfield,Male
Annie,Richardson,Dufftown,Male
Annie,Rivera,Manchester,Male
Annie,Wheeler,Largs,Female
Anthony,Brooks,Biggar,Male
Anthony,Baker,Barnet,Male
Anthony,Pierce,Seaford,Female
Anthony,Owens,Nantwich,Female
Anthony,Cook,Dorking,Male
Anthony,Diaz,Sandbach,Male
Anthony,Wallace,Yarm,Female
Antonio,Hawkins,Stone,Male
Antonio,Fields,Gigazoom,Male
Antonio,Reid,Wantage,Male
Antonio,Carroll,Keynsham,Male
Antonio,Alvarez,Cambridge,Female
Antonio,Mccoy,Liverpool,Male
Antonio,Barnes,Stockport,Female
Antonio,Freeman,Wantage,Female
Antonio,Peters,Johnstone,Female
Antonio,Knight,Alford,Male
Antonio,Wood,Lancaster,Male
Antonio,Elliott,Tain,Male
Antonio,Garza,London,Female
Arthur,Andrews,Peterborough,Female
Arthur,Rice,Kington,Female
Arthur,Murray,Bathgate,Female
Arthur,Mccoy,Potton,Female
Arthur,Chapman,Kington,Female
Arthur,Patterson,Alston,Male
Arthur,Alexander,Malton,Male
Arthur,Vasquez,Dorking,Female
Arthur,Bennett,Northampton,Male
Arthur,Cook,Malton,Male
Arthur,Chapman,Dronfield,Female
Arthur,Garcia,Kintore,Female
Arthur,Martinez,Seaford,Male
Arthur,Carroll,Otley,Female
Arthur,Robinson,Otley,Male
Ashley,Daniels,Seaford,Female
Ashley,Castillo,Yate,Male
Ashley,Morgan,Dorking,Male
Ashley,Williams,York,Male
Ashley,Roberts,Keynsham,Male
Ashley,Gonzalez,Tain,Female
Ashley,Powell,Weybridge,Male
Ashley,Mitchell,Peterborough,Male
Barbara,Sanchez,Tain,Male
Barbara,Hicks,Marlow,Female
Barbara,Allen,Taunton,Female
Barbara,Martinez,Fleetwood,Female
Benjamin,Brooks,Thrapston,Female
Benjamin,Dean,Malton,Female
Benjamin,Perkins,Barnet,Male
Benjamin,Richardson,Howden,Female
Benjamin,Fields,Banbury,Female
Benjamin,Rogers,Bathgate,Male
Betty,Alvarez,Biggar,Female
Betty,Fernandez,Peterborough,Male
Betty,Greene,Otley,Female
Betty,Jones,Hawick,Female
Betty,Jackson,Liverpool,Male
Betty,Garza,Cambridge,Female
Betty,Taylor,Fleet,Male
Betty,Burns,Weybridge,Male
Betty,Hill,Yarm,Female
Beverly,Ramos,Northampton,Male
Beverly,Murphy,Keynsham,Male
Beverly,Ferguson,Cannock,Female
Beverly,Lewis,Wantage,Male
Beverly,Webb,Wallasey,Male
Beverly,Chavez,Cannock,Male
Beverly,Bell,Liverpool,Male
Beverly,Fisher,Gigazoom,Female
Beverly,Cruz,Stone,Male
Beverly,Cook,Inverness,Female
Beverly,Simmons,Northampton,Male
Billy,Rogers,Oxford,Male
Billy,Murphy,Hawick,Male
Billy,Shaw,241.90.177.30,Female
Billy,Bradley,Fleetwood,Female
Billy,Coleman,Ipswich,Male
Billy,Marshall,Potton,Male
Billy,Carter,Sandy,Male
Billy,Hunt,Alford,Male
Billy,Smith,Keynsham,Male
Billy,Young,Petworth,Male
Bobby,Green,Fleetwood,Male
Bobby,Johnston,Jarrow,Male
Bobby,Johnson,Barnet,Male
Bobby,Boyd,Dronfield,Female
Bobby,Myers,Northampton,Female
Bobby,Bailey,Yate,Female
Bobby,Warren,Inverness,Female
Bobby,Hayes,Romford,Male
Bobby,Burke,Biggar,Male
Bobby,Williams,Aberdare,Female
Bobby,Wagner,Westbury,Male
Bobby,Montgomery,Rye,Male
Bobby,Wilson,Stone,Female
Bobby,Moore,Thrapston,Male
Bonnie,Greene,Keswick,Male
Bonnie,Carpenter,Dufftown,Male
Bonnie,Anderson,Northampton,Male
Bonnie,Mcdonald,Johnstone,Female
Bonnie,Kelly,Lancaster,Female
Bonnie,Nelson,Johnstone,Male
Bonnie,Brooks,London,Male
Bonnie,Black,Dronfield,Female
Bonnie,Washington,Hawick,Male
Bonnie,Collins,Largs,Female
Bonnie,Torres,Largs,Female
Bonnie,Webb,Wantage,Male
Bonnie,Arnold,Largs,Male
Bonnie,Day,Largs,Female
Brandon,Arnold,Weybridge,Female
Brandon,Lewis,Taunton,Male
Brandon,Stevens,Kintore,Male
Brandon,Gilbert,Romford,Female
Brandon,Franklin,Aberdare,Female
Brandon,Brooks,Ipswich,Male
Brandon,Wilson,York,Female
Brandon,Robertson,209.102.196.49,Female
Brenda,Ray,Kintore,Female
Brenda,Ellis,Potton,Male
Brenda,Bennett,York,Male
Brenda,Day,Westbury,Female
Brenda,Tucker,Fleetwood,Male
Brenda,Frazier,Dufftown,Male
Brenda,Murray,Larne,Male
Brenda,Hansen,Oxford,Male
Brenda,Day,Thrapston,Male
Brenda,Montgomery,Sandbach,Male
Brenda,Walker,237.156.214.221,Female
Brenda,Turner,Keswick,Male
Brenda,Ross,Nantwich,Male
Brenda,Myers,Chard,Female
Brenda,Hughes,Newport,Male
Brian,Nguyen,Tain,Female
Brian,Mills,Alston,Female
Brian,Holmes,Alford,Female
Brian,Webb,Thrapston,Female
Brian,Hunter,Thrapston,Male
Brian,Wright,Cannock,Male
Brian,Perkins,Newport,Female
Brian,Lewis,Rochester,Female
Brian,Snyder,Westbury,Male
Brian,Rodriguez,Barnet,Female
Brian,White,Westbury,Male
Brian,Riley,Cambridge,Female
Brian,Thompson,Wantage,Male
Brian,Mcdonald,Stockport,Female
Brian,Tucker,Dufftown,Male
Bruce,Gray,Marlow,Male
Bruce,Dean,Largs,Female
Bruce,Cox,Marlow,Male
Bruce,Bishop,Ipswich,Female
Bruce,White,Barnet,Female
Bruce,Lawson,Barnet,Male
Bruce,Gonzalez,Dufftown,Female
Bruce,Lane,Manchester,Male
Bruce,Marshall,Barnet,Female
Bruce,Bowman,Kington,Female
Bruce,Morrison,Otley,Male
Bruce,Flores,Lancaster,Male
Bruce,Harvey,Stockport,Male
Bruce,Allen,Kington,Male
Carl,Simpson,York,Female
Carl,Harvey,Petworth,Male
Carl,Owens,Manchester,Female
Carl,Parker,Ipswich,Female
Carl,Russell,Northampton,Female
Carl,Bishop,Inverness,Female
Carl,Dixon,Thrapston,Female
Carl,Webb,Marlow,Male
Carlos,Bryant,Seaford,Female
Carlos,Barnes,Wantage,Female
Carlos,Romero,Westbury,Male
Carlos,Meyer,Stockport,Male
Carlos,Diaz,Ipswich,Male
Carlos,Sims,Banbury,Female
Carlos,Grant,Sandy,Female
Carlos,Bradley,60.144.255.245,Female
Carlos,Welch,Stone,Male
Carlos,Williamson,Rochester,Female
Carlos,Diaz,Potton,Female
Carol,Peterson,Otley,Female
Carol,Clark,Malton,Female
Carol,King,Potton,Female
Carol,Crawford,Wantage,Female
Carol,Warren,Dorking,Female
Carol,Harvey,Gigazoom,Female
Carolyn,Gibson,Hawick,Male
Carolyn,Mcdonald,Stockport,Male
Carolyn,Cole,Aberdare,Female
Carolyn,Ruiz,Petworth,Female
Carolyn,Rodriguez,Marlow,Female
Carolyn,Gonzales,Heswall,Male
Carolyn,Shaw,Howden,Male
Carolyn,Diaz,Barnet,Female
Carolyn,Hanson,Keswick,Male
Catherine,Reyes,Kington,Female
Catherine,Chavez,Taunton,Female
Catherine,Cruz,Peterborough,Female
Catherine,Morrison,Peterborough,Male
Catherine,Bennett,Heswall,Male
Catherine,Stone,Peterborough,Male
Catherine,Howard,Rochester,Male
Catherine,Lewis,Stone,Female
Catherine,Gibson,Petworth,Female
Catherine,Greene,Stone,Female
Charles,Reid,Wantage,Female
Charles,Smith,Tain,Male
Charles,Wright,Inverness,Male
Charles,Ryan,Bathgate,Female
Charles,Knight,Cambridge,Female
Charles,Henry,Thrapston,Male
Charles,Jordan,Sandbach,Female
Charles,Lawrence,Yarm,Female
Charles,Burke,Liverpool,Male
Charles,Fox,Cannock,Female
Charles,Hart,Taunton,Male
Charles,Garrett,Fleet,Female
Charles,Riley,Dufftown,Female
Cheryl,Black,Thrapston,Male
Cheryl,Bailey,Bathgate,Male
Cheryl,Jenkins,Yate,Male
Cheryl,Foster,Dorking,Female
Cheryl,Larson,Liverpool,Male
Cheryl,Williams,Manchester,Female
Cheryl,Burke,Kintore,Male
Cheryl,Cunningham,Gigazoom,Male
Cheryl,Mcdonald,Tain,Male
Chris,Ferguson,Petworth,Male
Chris,Moreno,Johnstone,Male
Chris,Moore,Cambridge,Female
Chris,Perkins,Ipswich,Male
Chris,Hicks,Taunton,Female
Chris,Ferguson,Gigazoom,Female
Chris,Fernandez,Alston,Female
Chris,Franklin,Yate,Female
Chris,Richardson,Cannock,Male
Chris,King,Banbury,Male
Chris,Carroll,Fleet,Female
Chris,Carr,Kintore,Female
Chris,Diaz,Cambridge,Female
Chris,Jacobs,Thrapston,Female
Chris,Berry,Jarrow,Male
Chris,Chapman,Rochester,Female
Chris,Meyer,Banbury,Male
Chris,Greene,Biggar,Male
Chris,Palmer,Johnstone,Female
Christina,Lane,Kintore,Female
Christina,Ellis,Banbury,Male
Christina,Nichols,Thrapston,Female
Christina,Montgomery,Ipswich,Female
Christina,Black,Kintore,Male
Christina,Ross,Larne,Male
Christina,Lewis,Fleetwood,Female
Christine,Henderson,210.52.159.57,Female
Christine,Diaz,Northampton,Male
Christine,Cooper,Potton,Male
Christine,Sanchez,Cannock,Male
Christine,Cunningham,Fleetwood,Male
Christopher,Lopez,Alford,Male
Christopher,Brown,Heswall,Male
Christopher,Cook,Stockport,Female
Christopher,Bradley,Johnstone,Male
Christopher,Reyes,Inverness,Male
Christopher,Simpson,Potton,Female
Christopher,Holmes,Inverness,Male
Christopher,Gonzales,Yate,Female
Clarence,Ferguson,Keynsham,Female
Clarence,Patterson,Ipswich,Male
Clarence,Hansen,Wantage,Female
Clarence,Duncan,Petworth,Male
Clarence,Lewis,Rochester,Female
Clarence,Dean,Petworth,Male
Clarence,Johnson,Cannock,Male
Clarence,Miller,Sandy,Female
Clarence,Hunter,Jarrow,Male
Clarence,Medina,Heswall,Female
Craig,Fields,Oxford,Male
Craig,Garrett,Manchester,Male
Craig,Ortiz,Wallasey,Male
Craig,Owens,Weybridge,Male
Craig,Burke,Fleetwood,Male
Craig,Ward,Liverpool,Male
Craig,Jordan,Petworth,Female
Craig,Stone,Taunton,Male
Craig,Brown,Cannock,Male
Craig,Castillo,Largs,Male
Cynthia,Fox,Larne,Female
Cynthia,Dixon,Newport,Male
Cynthia,Patterson,Johnstone,Male
Cynthia,Pierce,Malton,Female
Cynthia,Gonzalez,Weybridge,Female
Cynthia,Cunningham,Cambridge,Female
Daniel,Baker,Johnstone,Female
Daniel,Cooper,Petworth,Female
Daniel,Gibson,Sandbach,Female
Daniel,Wood,Johnstone,Male
Daniel,Dean,Thrapston,Male
Daniel,Patterson,Cannock,Male
Daniel,Porter,Gigazoom,Male
Daniel,Patterson,Seaford,Male
Daniel,Wright,Liverpool,Female
Daniel,Snyder,York,Male
David,Andrews,Larne,Male
David,Crawford,Banbury,Male
Danielle,Cooper,Lancaster,Female
David,Montgomery,Malton,Male
Danielle,Riley,Howden,Female
Danielle,Lynch,Keswick,Female
Danielle,Wright,Banbury,Female
Danielle,Gordon,Stone,Female
Danielle,Kelly,Alston,Female
Danielle,Lee,Kington,Female
David,Williamson,Dufftown,Male
David,Campbell,Manchester,Male
Deborah,Andrews,Marlow,Female
Deborah,Foster,Seaford,Male
Deborah,Dixon,Stockport,Female
Deborah,Wagner,Biggar,Male
Deborah,Gibson,Johnstone,Male
Deborah,Ellis,Cambridge,Male
Deborah,Stanley,Dronfield,Female
Deborah,Moreno,Keswick,Female
Deborah,Mitchell,York,Male
Deborah,Fields,Tain,Female
Deborah,Sanders,Fleetwood,Female
Deborah,Jackson,Hawick,Female
Debra,Bryant,Jarrow,Male
Debra,West,Wallasey,Male
Debra,Hansen,Dufftown,Female
Debra,Cruz,Oxford,Female
Debra,Kelly,Rochester,Female
Debra,Dunn,Rye,Male
Debra,Martin,Hawick,Male
Debra,Rice,Kington,Female
Debra,Peters,Dufftown,Male
Debra,Davis,Fleet,Female
Debra,Ross,Petworth,Female
Denise,Morgan,Cambridge,Male
Denise,Sullivan,Rye,Male
Denise,Torres,Romford,Male
Denise,Torres,Yate,Male
Denise,Rivera,Taunton,Female
Denise,Jacobs,Taunton,Female
Denise,Rodriguez,Fleetwood,Female
Denise,Carpenter,Peterborough,Female
Dennis,Morales,Lancaster,Female
Dennis,Peterson,Johnstone,Male
Dennis,Tucker,Bathgate,Female
Dennis,Ross,Yarm,Female
Dennis,Castillo,Yate,Male
Dennis,Ryan,Rye,Male
Dennis,Franklin,Ipswich,Male
Dennis,Riley,Manchester,Male
Dennis,Bailey,Sandbach,Male
Dennis,Myers,Romford,Female
Dennis,Riley,Stockport,Male
Dennis,Stevens,Northampton,Female
Dennis,Howard,Oxford,Female
Diana,Graham,Howden,Female
Diana,Young,Malton,Female
Diana,Gilbert,Romford,Male
Diana,Castillo,Jarrow,Female
Diana,Collins,Lancaster,Female
Diana,Robertson,Fleetwood,Male
Diana,Garrett,Tain,Male
Diana,Palmer,107.201.57.105,Female
Diana,Medina,Weybridge,Female
Diana,Dean,Nantwich,Male
Diane,Gomez,Dufftown,Female
Diane,Olson,Sandbach,Male
Diane,Taylor,Marlow,Female
Diane,Hudson,Weybridge,Female
Diane,Harvey,Romford,Male
Diane,Stephens,Dronfield,Male
Diane,Richardson,York,Female
Diane,Ellis,Alston,Female
Diane,Daniels,Heswall,Male
Diane,Moore,Rye,Male
Diane,Lopez,Cannock,Male
Diane,Holmes,Hawick,Male
Diane,Chavez,Stone,Male
Diane,Cole,Marlow,Male
Donald,Nguyen,Stone,Male
Donald,Clark,Lancaster,Male
Donald,Hernandez,Bathgate,Female
Donald,Wheeler,Romford,Male
Donald,Peterson,Newport,Female
Donald,Williams,Dronfield,Male
Donald,Alexander,Potton,Male
Donald,Hamilton,Keynsham,Female
Donald,Griffin,Aberdare,Female
Donald,Reynolds,Lancaster,Female
Donna,Bradley,Stone,Female
Donna,Perkins,Marlow,Female
Donna,Torres,Heswall,Male
Donna,Webb,Ipswich,Male
Donna,Richards,Dufftown,Female
Donna,Chapman,Thrapston,Male
Donna,Romero,Chard,Female
Donna,Edwards,Malton,Male
Doris,Burton,Cambridge,Female
Doris,Peterson,Fleetwood,Male
Doris,Bowman,Fleetwood,Male
Doris,Larson,Howden,Male
Doris,Marshall,Sandy,Male
Doris,Martinez,Fleet,Female
Doris,Johnson,Howden,Male
Dorothy,Moreno,Nantwich,Female
Dorothy,Cook,Fleetwood,Male
Dorothy,Kennedy,Barnet,Female
Dorothy,Meyer,Tain,Female
Dorothy,Lawson,Taunton,Male
Dorothy,Ford,Largs,Male
Dorothy,Howard,Rye,Female
Dorothy,Alvarez,Kington,Female
Dorothy,Young,Wallasey,Female
Dorothy,Graham,Tain,Female
Dorothy,Alvarez,Yarm,Male
Dorothy,Hernandez,Otley,Male
Dorothy,Hughes,Nantwich,Female
Dorothy,Nguyen,Aberdare,Male
Dorothy,Armstrong,Keswick,Female
Dorothy,Day,Peterborough,Female
Douglas,Wagner,Romford,Male
Douglas,Howard,Cambridge,Male
Douglas,Dunn,Cambridge,Male
Douglas,Robertson,Fleetwood,Female
Earl,Gomez,Sandy,Male
Earl,Dean,Gigazoom,Female
Earl,Wallace,Biggar,Male
Earl,Lane,Aberdare,Male
Earl,Washington,Romford,Female
Earl,Hicks,Rye,Male
Earl,Gutierrez,Sandy,Female
Earl,Montgomery,Chard,Male
Earl,Lynch,Peterborough,Male
Earl,Gutierrez,Hawick,Female
Earl,Arnold,Keswick,Male
Edward,Carroll,York,Female
Edward,Nguyen,London,Female
Edward,Lee,Stone,Female
Edward,Nguyen,Hawick,Female
Edward,Riley,Sandbach,Female
Edward,Hudson,Sandy,Male
Elizabeth,Murphy,Oxford,Male
Elizabeth,Hayes,Liverpool,Female
Elizabeth,Gibson,Jarrow,Male
Elizabeth,Scott,Rochester,Male
Elizabeth,Owens,Petworth,Male
Elizabeth,Welch,Chard,Male
Elizabeth,Harrison,Malton,Female
Elizabeth,Morrison,Heswall,Male
Elizabeth,Brooks,Heswall,Female
Elizabeth,Dixon,Howden,Female
Elizabeth,Lewis,Alston,Female
Elizabeth,Fox,Howden,Female
Elizabeth,Williams,Fleet,Female
Emily,Nichols,Wallasey,Female
Emily,Carr,Keswick,Female
Emily,Brown,Biggar,Female
Emily,Butler,Liverpool,Female
Emily,Harrison,Sandbach,Male
Emily,Hill,Barnet,Female
Emily,Reynolds,Malton,Female
Emily,Riley,Otley,Female
Emily,Meyer,Otley,Male
Emily,Castillo,Newport,Female
Emily,Powell,London,Male
Emily,Rivera,Oxford,Male
Eric,Ramirez,Larne,Female
Eric,Carroll,Rochester,Male
Eric,Sullivan,Larne,Female
Eric,Berry,Dorking,Male
Eric,Perkins,Johnstone,Male
Eric,Marshall,Ipswich,Male
Eric,Flores,Marlow,Female
Eric,Pierce,Rochester,Female
Eric,Kim,Otley,Male
Eric,Cunningham,Potton,Male
Eric,Bryant,Kington,Female
Eric,Boyd,Banbury,Female
Eric,Hunter,Wantage,Female
Ernest,Washington,127.75.123.250,Female
Ernest,Jenkins,Dronfield,Female
Ernest,Lane,Dorking,Male
Ernest,Mcdonald,Alford,Female
Ernest,Thompson,Alston,Male
Ernest,Clark,Cannock,Female
Ernest,Vasquez,Petworth,Male
Ernest,Russell,Bathgate,Male
Ernest,Romero,Nantwich,Female
Ernest,Hawkins,Newport,Female
Ernest,Kelly,Dufftown,Female
Ernest,Lynch,Malton,Male
Ernest,Moreno,Sandbach,Male
Ernest,Gray,Peterborough,Male
Ernest,Woods,Manchester,Female
Eugene,Rodriguez,Romford,Female
Eugene,Hughes,172.97.41.248,Male
Eugene,Romero,Aberdare,Male
Eugene,Martinez,Kington,Female
Eugene,Gibson,Taunton,Male
Eugene,Duncan,Gigazoom,Male
Eugene,Johnson,Marlow,Female
Eugene,Stevens,Peterborough,Female
Eugene,Stephens,Howden,Male
Evelyn,Watkins,Taunton,Male
Evelyn,Baker,Sandbach,Male
Evelyn,Mcdonald,Barnet,Female
Evelyn,Coleman,Cambridge,Male
Evelyn,Fowler,Thrapston,Female
Evelyn,Gomez,Romford,Male
first_name,last_name,Otley,Female
Frances,Elliott,Oxford,Female
Frances,Garza,Dufftown,Male
Frances,Scott,Largs,Male
Frances,Watkins,Howden,Male
Frances,Mcdonald,Weybridge,Male
Frances,Howell,Chard,Female
Frank,Fisher,Keynsham,Male
Frank,Knight,Westbury,Female
Frank,Matthews,York,Female
Frank,Hill,Johnstone,Female
Frank,Fisher,Manchester,Male
Frank,Carroll,Bathgate,Male
Frank,Andrews,London,Male
Frank,Armstrong,Weybridge,Female
Fred,Bishop,Sandy,Female
Fred,Phillips,Tain,Female
Fred,Dunn,Kintore,Female
Fred,Edwards,Thrapston,Female
Fred,Ramirez,Dorking,Male
Fred,Welch,Romford,Female
Fred,Mitchell,York,Female
Fred,Ortiz,Liverpool,Female
Gary,Ramos,Heswall,Female
Gary,Kim,Westbury,Male
Gary,Campbell,Stone,Female
Gary,Collins,Yarm,Male
Gary,Hall,Biggar,Female
Gary,Taylor,Potton,Female
Gary,Snyder,Manchester,Female
Gary,Carr,Cannock,Male
Gary,Rivera,Gigazoom,Male
Gary,Ellis,Seaford,Male
Gary,Turner,Nantwich,Male
Gary,Butler,Alston,Male
George,Morrison,Yarm,Male
George,King,York,Male
George,Lawrence,Kington,Male
George,Duncan,Banbury,Male
George,Morales,Wallasey,Male
George,Arnold,Alford,Male
Gerald,Chapman,York,Female
Gerald,Sims,Wantage,Male
Gerald,Morales,Manchester,Female
Gerald,Gomez,York,Female
Gloria,Chavez,Biggar,Male
Gloria,Wright,Fleetwood,Male
Gloria,Collins,Weybridge,Female
Gloria,Gutierrez,Northampton,Male
Gloria,Baker,Hawick,Male
Gloria,Green,Petworth,Female
Gloria,Gilbert,Chard,Male
Gloria,Murray,Kintore,Female
Gloria,Lewis,Petworth,Female
Gloria,Romero,Rye,Female
Gregory,Turner,Kington,Female
Gregory,Nguyen,Hawick,Male
Gregory,Brown,Howden,Male
Gregory,Nelson,Keynsham,Female
Harold,Miller,Lancaster,Female
Harold,Fisher,Seaford,Male
Harold,Lawson,Keswick,Female
Harold,Rivera,Cambridge,Female
Harold,Porter,Howden,Male
Harold,Russell,Wallasey,Female
Harold,Simpson,Malton,Male
Harold,Hill,Larne,Male
Harold,Stewart,Sandy,Female
Harold,Franklin,Howden,Female
Harold,Duncan,Dronfield,Male
Harold,Williamson,Fleetwood,Female
Harry,Lawson,Weybridge,Female
Harry,Lee,Northampton,Male
Harry,Garrett,London,Male
Harry,Lane,Kintore,Female
Harry,Garrett,York,Female
Harry,Rose,Weybridge,Male
Harry,Armstrong,Howden,Male
Harry,Hicks,Jarrow,Female
Heather,Hudson,Fleet,Female
Heather,Wilson,Newport,Female
Heather,Rogers,Fleetwood,Female
Heather,Hunter,Romford,Female
Heather,Hicks,Gigazoom,Male
Heather,Willis,Johnstone,Male
Heather,Bowman,Marlow,Female
Heather,Hall,Weybridge,Male
Helen,Shaw,Inverness,Male
Helen,Tucker,Gigazoom,Male
Helen,Ramirez,Dronfield,Female
Helen,Hicks,Inverness,Male
Helen,Gonzalez,186.196.96.80,Male
Helen,Day,York,Female
Helen,Hawkins,London,Male
Helen,Moore,Alford,Male
Helen,Grant,Bathgate,Female
Helen,Jacobs,Barnet,Female
Helen,Pierce,Peterborough,Female
Helen,Carr,Weybridge,Female
Henry,Brown,Fleet,Female
Henry,Lopez,Keynsham,Male
Henry,Austin,Wantage,Male
Henry,Hamilton,Jarrow,Male
Henry,Mccoy,Rye,Male
Henry,Allen,Ipswich,Male
Howard,Miller,Wantage,Male
Howard,Chavez,Bathgate,Female
Howard,Burke,Sandy,Female
Howard,Hart,Chard,Female
Howard,Cruz,Potton,Male
Howard,Wallace,Alston,Male
Howard,Gardner,Northampton,Male
Howard,Cruz,Cambridge,Male
Howard,Hill,Romford,Female
Howard,Cruz,Stone,Male
Howard,Weaver,103.102.125.171,Male
Irene,Gonzales,Jarrow,Female
Irene,Dixon,Wallasey,Female
Irene,Knight,Heswall,Male
Irene,Owens,Nantwich,Female
Irene,Green,Wantage,Male
Irene,Gibson,Wantage,Male
Irene,Garcia,Heswall,Female
Irene,Harper,Liverpool,Female
Irene,Chapman,Jarrow,Female
Irene,Graham,Banbury,Female
Irene,Johnson,Fleetwood,Female
Irene,Williams,Taunton,Female
Irene,Henry,Sandbach,Female
Jack,Romero,Rye,Male
Jack,Burton,Stockport,Female
Jack,Sanders,Hawick,Female
Jack,Knight,Rochester,Male
Jack,Morgan,Fleet,Male
Jack,Mcdonald,Oxford,Male
Jack,Rice,Bathgate,Female
Jack,Gordon,Thrapston,Male
Jack,Hansen,Dorking,Female
Jack,Brooks,Taunton,Male
Jacqueline,Graham,Dronfield,Male
Jacqueline,Holmes,Seaford,Female
Jacqueline,Dunn,Sandy,Female
Jacqueline,Snyder,Cambridge,Male
Jacqueline,Butler,95.117.224.99,Male
Jacqueline,Peters,Wallasey,Male
Jacqueline,Ross,Seaford,Male
Jacqueline,Kim,Stone,Male
Jacqueline,Alvarez,Alford,Male
Jacqueline,Sims,Inverness,Female
Jacqueline,Gordon,Romford,Female
Jacqueline,Parker,Yate,Female
James,Mcdonald,Rye,Female
James,Edwards,Jarrow,Female
James,Kennedy,Heswall,Male
James,Diaz,London,Male
James,Perez,Newport,Male
James,Watson,Peterborough,Female
James,Simmons,Peterborough,Female
James,Powell,Sandbach,Female
James,Gonzalez,Lancaster,Female
James,Gordon,Rye,Female
James,Graham,Thrapston,Female
Jane,Scott,Newport,Male
Jane,Bowman,Dorking,Female
Jane,Willis,Banbury,Male
Jane,Stevens,Stone,Male
Jane,Crawford,Petworth,Male
Jane,Robertson,Larne,Female
Jane,Martin,Kintore,Female
Jane,Robinson,York,Female
Jane,Day,Hawick,Female
Jane,Cox,Marlow,Female
Jane,Black,London,Male
Jane,Arnold,Stone,Male
Jane,Nichols,Marlow,Female
Jane,Hamilton,Johnstone,Female
Jane,Grant,Heswall,Male
Janet,Palmer,Yarm,Male
Janet,Peterson,Stone,Male
Janet,James,Sandbach,Female
Janet,Payne,Chard,Male
Janet,Nichols,207.252.119.237,Female
Janet,Hansen,Yate,Female
Janet,Carter,Lancaster,Female
Janet,Perez,Rochester,Male
Janet,Rose,Banbury,Female
Janet,Flores,111.245.21.80,Female
Janet,Griffin,Keswick,Female
Janice,Wells,Sandy,Male
Janice,Larson,Rye,Male
Janice,Hughes,Jarrow,Female
Janice,Mcdonald,Otley,Male
Janice,Warren,Aberdare,Female
Janice,Baker,Aberdare,Female
Janice,Foster,Yate,Male
Janice,King,Alford,Female
Jason,Wood,Rye,Female
Jason,Phillips,Gigazoom,Male
Jason,Mendoza,Hawick,Female
Jason,Gordon,Jarrow,Male
Jason,Berry,Alston,Male
Jason,Castillo,Manchester,Male
Jason,Gilbert,Dronfield,Female
Jean,Young,Tain,Female
Jean,Wagner,Sandy,Female
Jean,Fields,Liverpool,Female
Jean,Chapman,Kington,Male
Jean,Collins,Yate,Female
Jean,Peters,Keynsham,Female
Jean,Ramirez,Malton,Male
Jean,Lynch,Rye,Male
Jean,Sullivan,Banbury,Male
Jeffrey,Wilson,Oxford,Male
Jeffrey,Meyer,Aberdare,Female
Jeffrey,Long,Nantwich,Male
Jeffrey,Hansen,Stone,Male
Jeffrey,Adams,Potton,Female
Jeffrey,Sims,Liverpool,Female
Jeffrey,Washington,Liverpool,Male
Jeffrey,Cook,Largs,Male
Jeffrey,Moreno,Cannock,Male
Jeffrey,Castillo,Taunton,Male
Jennifer,Duncan,London,Female
Jennifer,Willis,Hawick,Male
Jennifer,Mccoy,Lancaster,Male
Jennifer,Adams,Hawick,Male
Jennifer,Austin,Alston,Male
Jeremy,Moreno,Johnstone,Female
Jeremy,Bowman,Thrapston,Male
Jeremy,Morrison,190.10.246.39,Male
Jeremy,Moore,Banbury,Male
Jeremy,Murphy,Tain,Male
Jeremy,Montgomery,Hawick,Female
Jeremy,Brown,Inverness,Female
Jeremy,Patterson,Wantage,Male
Jeremy,Gibson,Malton,Male
Jeremy,Parker,Seaford,Female
Jeremy,Medina,Cannock,Male
Jeremy,Ruiz,Keynsham,Female
Jeremy,Riley,Larne,Male
Jerry,Morales,Malton,Male
Jerry,Henry,Wallasey,Male
Jerry,Bishop,York,Male
Jerry,Owens,Romford,Male
Jerry,Johnson,Cannock,Male
Jerry,Martinez,Inverness,Female
Jerry,Peters,Taunton,Male
Jerry,Pierce,Taunton,Male
Jerry,Fowler,Jarrow,Female
Jerry,Shaw,Rochester,Male
Jerry,Phillips,Thrapston,Male
Jerry,Hawkins,Liverpool,Female
Jesse,Baker,Sandbach,Female
Jesse,Perez,Manchester,Female
Jesse,Bradley,Alston,Male
Jesse,Moreno,Banbury,Female
Jesse,Jacobs,Manchester,Female
Jesse,Freeman,Dufftown,Female
Jesse,Edwards,Dorking,Male
Jesse,Ferguson,Westbury,Female
Jessica,Reed,Alford,Male
Jessica,Scott,Largs,Male
Jessica,Simmons,Northampton,Male
Jessica,Cole,Ipswich,Male
Jessica,Berry,Keswick,Female
Jessica,Stephens,Westbury,Male
Jessica,Bryant,Ipswich,Male
Jessica,Washington,Keswick,Female
Jessica,Moreno,Inverness,Female
Jessica,Wagner,Hawick,Female
Jessica,Rogers,Weybridge,Male
Jessica,Myers,Petworth,Female
Jimmy,Powell,Keswick,Male
Jimmy,Hunt,Wallasey,Female
Jimmy,Wells,York,Male
Jimmy,Watkins,Heswall,Female
Jimmy,Ford,Alford,Male
Jimmy,Henry,Manchester,Male
Jimmy,Coleman,Fleet,Male
Jimmy,Kennedy,Heswall,Female
Jimmy,Cook,Rochester,Male
Jimmy,Stone,Marlow,Female
Jimmy,Fowler,Chard,Male
Jimmy,Rose,Heswall,Male
Joan,Cooper,Banbury,Female
Joan,Williams,Chard,Female
Joan,Weaver,Stone,Female
Joan,Mason,Manchester,Male
Joan,Banks,Aberdare,Female
Joan,Crawford,Jarrow,Female
Joan,Stevens,Westbury,Female
Joe,Carroll,Inverness,Female
Joe,Harris,Nantwich,Male
Joe,Woods,Keswick,Male
Joe,Walker,Rye,Female
Joe,Hawkins,Potton,Male
Joe,Pierce,Rye,Female
Joe,Banks,Tain,Male
Joe,Schmidt,Rye,Female
Joe,Daniels,Wallasey,Male
Joe,Weaver,Biggar,Female
Joe,Hudson,Gigazoom,Female
Joe,Howell,Aberdare,Male
John,Lynch,Aberdare,Female
John,Robinson,Nantwich,Male
John,Oliver,Weybridge,Male
John,Campbell,Dufftown,Male
John,Stanley,Malton,Female
John,Mccoy,Bathgate,Female
John,Moreno,Nantwich,Male
John,Bryant,Alford,Female
John,Dunn,Weybridge,Male
Johnny,Wagner,London,Male
Johnny,Rivera,York,Male
Johnny,Webb,Keynsham,Female
Johnny,Harris,Larne,Male
Johnny,Young,Gigazoom,Male
Johnny,Morgan,Chard,Male
Johnny,Hughes,Fleetwood,Male
Johnny,Hunt,Kintore,Female
Johnny,Fowler,Wallasey,Female
Johnny,Perkins,Johnstone,Male
Johnny,Hall,Taunton,Female
Johnny,Stephens,Ipswich,Female
Jonathan,Ray,Liverpool,Male
Jonathan,Morales,Alford,Male
Jonathan,Russell,Yarm,Female
Jonathan,Owens,Hawick,Male
Jonathan,Marshall,Weybridge,Female
Jonathan,Bowman,Kington,Male
Jonathan,Porter,Yate,Female
Jonathan,Kelley,Biggar,Female
Jonathan,Owens,Hawick,Male
Jose,Peters,Westbury,Female
Jose,Reid,Nantwich,Male
Jose,Hughes,Fleet,Male
Jose,Duncan,Yarm,Female
Jose,Oliver,Thrapston,Female
Jose,Watkins,Yarm,Female
Jose,Simpson,Dorking,Female
Jose,Hall,Sandy,Female
Jose,Jordan,Wantage,Female
Jose,Evans,Howden,Female
Joseph,Ward,Northampton,Male
Joseph,Gardner,Rochester,Male
Joseph,Armstrong,Larne,Male
Joseph,Morales,Romford,Male
Joseph,Porter,Aberdare,Male
Joseph,Wright,Largs,Male
Joseph,Welch,Yate,Female
Joseph,Lane,Dorking,Male
Joseph,Garrett,188.27.214.111,Male
Joseph,Murray,Aberdare,Male
Joseph,Mendoza,Rye,Female
Joshua,Morgan,Johnstone,Female
Joshua,Fernandez,Fleet,Female
Joshua,Carter,Petworth,Female
Joshua,Fowler,Kington,Male
Joshua,Rodriguez,Bathgate,Male
Joshua,Marshall,Cambridge,Male
Joshua,Long,Jarrow,Male
Joshua,Nelson,Gigazoom,Female
Joshua,Morgan,Aberdare,Male
Joshua,Banks,Potton,Female
Joshua,Dixon,Newport,Male
Joshua,Hernandez,Hawick,Female
Joshua,Morrison,Stockport,Female
Joshua,Nichols,Westbury,Male
Joyce,Ramirez,Dufftown,Male
Joyce,Stevens,Stockport,Male
Joyce,Johnston,Seaford,Male
Joyce,Evans,Seaford,Male
Joyce,Brown,Liverpool,Male
Joyce,Chavez,Fleet,Male
Joyce,Rice,Liverpool,Male
Joyce,Lawrence,Romford,Female
Joyce,Perkins,Wantage,Female
Joyce,King,Lancaster,Male
Joyce,Fox,Weybridge,Female
Joyce,Lopez,Malton,Female
Joyce,Sanders,Cambridge,Female
Joyce,Ross,Taunton,Female
Joyce,Hernandez,Wantage,Male
Joyce,Dean,Biggar,Female
Joyce,Hill,Nantwich,Female
Juan,Bowman,Sandbach,Female
Juan,Perez,Biggar,Male
Juan,Young,Largs,Male
Juan,Weaver,Lancaster,Male
Juan,Chavez,Lancaster,Male
Juan,Payne,Northampton,Male
Judith,Hart,Cambridge,Female
Judith,Day,Sandbach,Male
Judith,Lewis,Howden,Female
Judith,Marshall,Stockport,Female
Judith,Evans,Johnstone,Male
Judith,Rose,Ipswich,Female
Judith,Gilbert,Cannock,Female
Judith,Montgomery,29.177.141.183,Female
Judith,Rogers,Largs,Male
Judith,Stewart,Kington,Male
Judith,Moreno,Marlow,Female
Judith,Boyd,Largs,Female
Judith,Thomas,Keswick,Male
Judy,Kelley,Heswall,Female
Judy,Murphy,Dronfield,Female
Judy,Anderson,Yarm,Male
Judy,Hawkins,Lancaster,Female
Judy,Hernandez,London,Male
Judy,Gutierrez,Fleet,Female
Judy,Wilson,Inverness,Male
Judy,Morgan,Peterborough,Male
Judy,Foster,Larne,Female
Judy,Robertson,Chard,Female
Judy,Brown,Cannock,Male
Judy,White,Dufftown,Female
Julia,Morgan,Stone,Male
Julia,Williams,Barnet,Male
Julia,Arnold,Yate,Female
Julia,Day,Dufftown,Female
Julia,Kennedy,Alston,Female
Julia,Wood,Johnstone,Male
Julia,Hicks,Taunton,Female
Julia,Jacobs,Rye,Female
Julie,Perez,Dronfield,Female
Julie,Burke,Howden,Female
Julie,Simpson,Keynsham,Male
Julie,Miller,Peterborough,Female
Julie,Gibson,Tain,Male
Julie,Murray,Aberdare,Female
Julie,Shaw,Fleetwood,Female
Justin,Robinson,Lancaster,Male
Justin,Mason,London,Male
Justin,Rose,Marlow,Male
Justin,Gonzalez,Gigazoom,Female
Justin,James,Cambridge,Female
Justin,Sims,Tain,Female
Justin,Johnston,Seaford,Male
Karen,Stanley,Chard,Female
Karen,Sanchez,Nantwich,Male
Karen,Alvarez,Kintore,Male
Karen,Bell,Fleet,Female
Karen,Bell,Potton,Male
Karen,Crawford,Jarrow,Female
Karen,Reyes,Heswall,Male
Karen,Simpson,Liverpool,Male
Karen,Thomas,Sandy,Male
Karen,Woods,Hawick,Male
Karen,Fields,Tain,Female
Karen,Howard,Taunton,Male
Karen,Alexander,Ipswich,Female
Karen,Franklin,Biggar,Female
Karen,Pierce,Yarm,Male
Karen,Hanson,Tain,Female
Karen,Powell,Keynsham,Male
Karen,Shaw,Northampton,Male
Karen,Lynch,Alford,Female
Katherine,Sanders,Largs,Male
Katherine,Mason,Alston,Female
Katherine,Long,Fleet,Male
Katherine,Burns,Fleetwood,Male
Katherine,Banks,Alford,Male
Katherine,Grant,Wantage,Female
Katherine,Freeman,Hawick,Male
Katherine,Mason,Otley,Female
Katherine,Washington,Otley,Male
Katherine,Ramirez,Bathgate,Male
Katherine,Harrison,Inverness,Female
Katherine,Bryant,Otley,Female
Kathleen,Murray,Stone,Female
Kathleen,Fields,Tain,Male
Kathleen,Peters,Taunton,Male
Kathleen,Jones,Yate,Female
Kathleen,Fernandez,Gigazoom,Female
Kathleen,Murphy,Weybridge,Male
Kathleen,White,Chard,Male
Kathleen,Rodriguez,Weybridge,Female
Kathleen,Coleman,Biggar,Female
Kathleen,Peters,Sandy,Male
Kathleen,Barnes,Northampton,Male
Kathleen,Jordan,Stone,Female
Kathryn,Diaz,Cannock,Male
Kathryn,Kennedy,Fleetwood,Female
Kathryn,Andrews,Hawick,Male
Kathryn,Washington,Marlow,Female
Kathryn,Ellis,Alston,Male
Kathryn,Riley,Petworth,Male
Kathy,Hunter,Stone,Male
Kathy,Jacobs,Nantwich,Female
Kathy,Oliver,Larne,Female
Kathy,Perkins,Aberdare,Female
Keith,Rodriguez,London,Male
Keith,Cruz,Rye,Male
Keith,Gonzales,Rye,Male
Keith,Frazier,Petworth,Male
Keith,Harrison,Largs,Female
Keith,Howard,Sandy,Female
Keith,Sims,Keswick,Female
Keith,Welch,Kintore,Male
Kelly,Medina,Chard,Male
Kelly,Knight,Stockport,Female
Kelly,Myers,Petworth,Male
Kelly,Marshall,Inverness,Male
Kelly,Woods,Chard,Female
Kelly,Little,Yate,Male
Kelly,Roberts,Petworth,Female
Kelly,Bailey,Rye,Female
Kelly,Burton,Johnstone,Female
Kelly,Gonzalez,Yate,Female
Kelly,Stone,Heswall,Male
Kelly,Harper,Peterborough,Male
Kelly,Simpson,Lancaster,Female
Kelly,Ortiz,Newport,Female
Kenneth,Warren,Kington,Female
Kenneth,Rogers,Howden,Female
Kenneth,Cook,Heswall,Female
Kenneth,Ortiz,Larne,Male
Kenneth,Sanders,Romford,Female
Kenneth,Ortiz,Oxford,Female
Kenneth,Gonzalez,Biggar,Male
Kenneth,Harrison,Larne,Female
Kenneth,Hudson,Westbury,Female
Kenneth,Olson,Aberdare,Male
Kevin,Cook,Liverpool,Female
Kevin,Hanson,Sandy,Female
Kevin,Greene,Kington,Female
Kevin,Ray,Kington,Female
Kevin,Coleman,Sandbach,Male
Kevin,Lane,Ipswich,Male
Kevin,Riley,Sandbach,Female
Kevin,Sullivan,Bathgate,Female
Kevin,Montgomery,Wallasey,Female
Kevin,Young,Wallasey,Male
Kevin,Anderson,Bathgate,Male
Kevin,Dixon,Cannock,Male
Kimberly,Ford,Heswall,Male
Kimberly,Gordon,Ipswich,Female
Kimberly,Jackson,Peterborough,Female
Kimberly,Wilson,Keynsham,Female
Kimberly,Bailey,Westbury,Male
Kimberly,Stevens,Jarrow,Female
Kimberly,Wilson,York,Female
Kimberly,Perry,Inverness,Female
Kimberly,Holmes,Potton,Male
Kimberly,Foster,Sandbach,Male
Kimberly,Gray,Yarm,Male
Kimberly,Gonzales,Westbury,Male
Larry,Ramirez,Peterborough,Female
Larry,Kennedy,Heswall,Female
Larry,Gray,Otley,Female
Larry,Parker,Howden,Female
Larry,Kelley,Cannock,Female
Larry,Rose,Keynsham,Female
Larry,Olson,Bathgate,Male
Larry,Hudson,,
